concept,source,arch,scale,metric,learned_mean,learned_sd,baseline_mean,baseline_sd,delta_mean,delta_sd,n_seeds
ss3,netsurfp,esm2,XS,macro_f1,0.511966,0.001963,0.480267,0.001539,0.031700,0.002230,3
ss3,netsurfp,esm2,S,macro_f1,0.665946,0.001509,0.478761,0.000311,0.187185,0.001292,3
ss3,netsurfp,esm2,M,macro_f1,0.722248,0.002145,0.473549,0.001481,0.248698,0.000684,3
ss3,netsurfp,gpt2,S,macro_f1,0.591429,0.001710,0.438570,0.006813,0.152859,0.007116,3
ss3,netsurfp,gpt2,M,macro_f1,0.630070,0.003404,0.439755,0.007081,0.190315,0.009977,3
ss3,netsurfp,gpt2,XS,macro_f1,0.542509,0.002397,0.449666,0.001346,0.092843,0.003417,3
ss3,netsurfp,mamba,XS,macro_f1,0.564569,0.000736,0.478936,0.000676,0.085632,0.000822,3
ss3,netsurfp,mamba,S,macro_f1,0.591069,0.000774,0.485585,0.005084,0.105484,0.005468,3
ss3,netsurfp,esm2,L,macro_f1,0.748522,0.003021,0.465099,0.006042,0.283423,0.003864,3
ss3,netsurfp,gpt2,L,macro_f1,0.687915,0.020301,0.425183,0.005016,0.262732,0.025317,3
ss3,netsurfp,mamba,L,macro_f1,0.673874,0.010632,0.487429,0.005909,0.186445,0.016437,3
ss3,netsurfp,mamba,M,macro_f1,0.627254,0.002813,0.494452,0.004874,0.132802,0.007687,2
ss3,swissprot,esm2,XS,macro_f1,0.441023,0.004830,0.400196,0.004071,0.040827,0.007679,3
ss3,swissprot,esm2,S,macro_f1,0.597302,0.000473,0.404505,0.001753,0.192797,0.001382,3
ss3,swissprot,esm2,M,macro_f1,0.640156,0.004055,0.422051,0.005679,0.218105,0.005153,3
ss3,swissprot,gpt2,S,macro_f1,0.543264,0.001126,0.333555,0.021252,0.209709,0.021175,3
ss3,swissprot,gpt2,M,macro_f1,0.571327,0.006055,0.368816,0.009683,0.202510,0.012671,3
ss3,swissprot,gpt2,XS,macro_f1,0.484111,0.002468,0.310596,0.000000,0.173514,0.002468,3
ss3,swissprot,mamba,XS,macro_f1,0.507607,0.005918,0.338434,0.010888,0.169173,0.012937,3
ss3,swissprot,mamba,S,macro_f1,0.545350,0.003034,0.388176,0.012976,0.157175,0.012957,3
ss3,swissprot,esm2,L,macro_f1,0.659401,0.003247,0.436538,0.005171,0.222864,0.008093,3
ss3,swissprot,gpt2,L,macro_f1,0.606430,0.009431,0.375810,0.005373,0.230621,0.013862,3
ss3,swissprot,mamba,L,macro_f1,0.590769,0.003492,0.403445,0.008220,0.187324,0.007985,3
ss3,swissprot,mamba,M,macro_f1,0.571878,0.004904,0.397091,0.004448,0.174787,0.009353,2
ss3,dssp,esm2,XS,macro_f1,0.426703,0.013290,0.397665,0.001459,0.029038,0.014605,3
ss3,dssp,esm2,S,macro_f1,0.634809,0.008984,0.402668,0.005398,0.232141,0.006879,3
ss3,dssp,esm2,M,macro_f1,0.713668,0.001356,0.429151,0.005557,0.284517,0.005869,3
ss3,dssp,gpt2,M,macro_f1,0.638517,0.007743,0.402209,0.008833,0.236308,0.010844,3
ss3,dssp,gpt2,S,macro_f1,0.579719,0.004678,0.378087,0.014959,0.201632,0.019604,3
ss3,dssp,gpt2,XS,macro_f1,0.496761,0.007189,0.361698,0.000722,0.135063,0.007172,3
ss3,dssp,mamba,XS,macro_f1,0.532653,0.007979,0.394551,0.002010,0.138103,0.009313,3
ss3,dssp,mamba,S,macro_f1,0.572265,0.003953,0.433645,0.012055,0.138620,0.015724,3
ss3,dssp,esm2,L,macro_f1,0.750354,0.003835,0.430285,0.010153,0.320070,0.010410,3
ss3,dssp,gpt2,L,macro_f1,0.657219,0.010108,0.414930,0.015168,0.242289,0.025102,3
ss3,dssp,mamba,L,macro_f1,0.675275,0.004839,0.443542,0.003578,0.231733,0.003449,3
ss3,dssp,mamba,M,macro_f1,0.622381,0.003914,0.440227,0.003863,0.182154,0.000052,2
ss8,netsurfp,esm2,XS,macro_f1,0.189363,0.003845,0.179817,0.001117,0.009545,0.003258,3
ss8,netsurfp,esm2,S,macro_f1,0.276639,0.001151,0.178073,0.005493,0.098565,0.005248,3
ss8,netsurfp,esm2,M,macro_f1,0.320429,0.008333,0.177757,0.001260,0.142672,0.009260,3
ss8,netsurfp,gpt2,S,macro_f1,0.240109,0.000677,0.166626,0.004198,0.073482,0.003793,3
ss8,netsurfp,gpt2,M,macro_f1,0.268905,0.004535,0.170412,0.000772,0.098492,0.003858,3
ss8,netsurfp,gpt2,XS,macro_f1,0.211929,0.001716,0.168614,0.006763,0.043315,0.007568,3
ss8,netsurfp,mamba,XS,macro_f1,0.223918,0.000636,0.181915,0.001193,0.042003,0.001695,3
ss8,netsurfp,mamba,S,macro_f1,0.241848,0.002104,0.192710,0.000281,0.049138,0.002041,3
ss8,netsurfp,esm2,L,macro_f1,0.363620,0.003648,0.177067,0.006555,0.186553,0.003754,3
ss8,netsurfp,gpt2,L,macro_f1,0.325846,0.002365,0.158841,0.004253,0.167005,0.004046,3
ss8,netsurfp,mamba,L,macro_f1,0.296861,0.008549,0.193208,0.003030,0.103653,0.009018,3
ss8,netsurfp,mamba,M,macro_f1,0.262741,0.001780,0.194026,0.000315,0.068715,0.002096,2
rsa,netsurfp,esm2,S,r2,0.294883,0.001618,0.214419,0.001931,0.080464,0.002866,3
rsa,netsurfp,esm2,XS,r2,0.214810,0.000327,0.216230,0.000948,-0.001420,0.001243,3
rsa,netsurfp,esm2,M,r2,0.353564,0.003532,0.210852,0.002474,0.142711,0.003394,3
rsa,netsurfp,gpt2,M,r2,0.291879,0.000190,0.188940,0.000001,0.102938,0.000190,3
rsa,netsurfp,gpt2,S,r2,0.252891,0.001850,0.188941,0.000001,0.063950,0.001850,3
rsa,netsurfp,gpt2,XS,r2,0.221786,0.002584,0.188940,0.000001,0.032846,0.002584,3
rsa,netsurfp,mamba,S,r2,0.253517,0.001862,0.196891,0.001887,0.056626,0.003707,3
rsa,netsurfp,mamba,XS,r2,0.236168,0.000893,0.192730,0.001257,0.043439,0.002109,3
rsa,netsurfp,esm2,L,r2,0.409749,0.000621,0.188941,0.000001,0.220809,0.000621,3
rsa,netsurfp,gpt2,L,r2,0.372978,0.002051,0.188940,0.000001,0.184037,0.002050,3
rsa,netsurfp,mamba,L,r2,0.326096,0.005018,0.200507,0.000072,0.125589,0.004946,3
rsa,netsurfp,mamba,M,r2,0.278060,0.002009,0.201006,0.001288,0.077054,0.000721,2
